{
	"modelData": {
		"vertexCount": 8,
		"vertices": "-1.574192;-5.970324;11.709616;-28.086760;-5.970327;-29.146839;-17.228317;-5.970328;-36.193100;9.284250;-5.970325;4.663355;-1.574192;3.282308;11.709616;-28.086760;3.282305;-29.146839;-17.228317;3.282304;-36.193100;9.284250;3.282307;4.663354",
		"vertexNormalCount": 5,
		"vertexNormals": "-0.8389;-0.0000;0.5444;-0.5444;-0.0000;-0.8389;0.8389;-0.0000;-0.5444;-0.0000;-1.0000;-0.0000;-0.0000;1.0000;-0.0000",
		"triangleCount": 10,
		"indices": "5;0;4;6;1;5;7;2;6;1;3;0;6;4;7;5;1;0;6;2;1;7;3;2;1;2;3;6;5;4",
		"vertexNormalIndices": "0;0;0;1;1;1;2;2;2;3;3;3;4;4;4;0;0;0;1;1;1;2;2;2;3;3;3;4;4;4"
	},
	"material": {
		"color": {
			"red": 0.17,
			"green": 0.17,
			"blue": 0.17
		},
		"emissionColor": {
			"red": 0.0,
			"green": 0.0,
			"blue": 0.0
		},
		"roughness": 1.0,
		"metallic": 0.0,
		"emissionPower": 0.0
	}
}