{
    "modelData": {
        "vertexCount": 12,
        "vertices": "1.225934;2.998622;4.573376;-1.978162;2.998622;-0.324129;1.777686;2.998622;4.212403;-1.42641;2.998622;-0.685102;-2.298571;2.998622;-0.813879;-4.950915;2.998622;-6.072357;-1.746819;2.998622;-1.174852;-5.502667;2.998622;-5.711384;-5.82308;2.998622;-6.20113;-8.47542;2.998622;-11.459612;-5.271325;2.998622;-6.562108;-9.02717;2.998622;-11.0986",
        "vertexNormalCount": 1,
		"vertexNormals": "0.0;-1.0;0.0",
		"triangleCount": 6,
        "indices": "2;0;1;2;1;3;6;4;7;6;7;5;10;8;11;10;11;9",
        "vertexNormalIndices": "0;0;0;0;0;0;0;0;0;0;0;0;0;0;0;0;0;0"
    },
    "material": {
        "color": {
            "red": 0.11,
            "green": 2.18,
            "blue": 3.2
        },
        "emissionColor": {
            "red": 0.11,
            "green": 2.18,
            "blue": 3.2
        },
        "roughness": 1.0,
        "metallic": 0.0,
        "emissionPower": 1.0
    }
}