{
    "modelData": {
        "vertexCount": 8,
        "vertices": "-2.04973;5.999999;0.974365;2.04;5.999999;0.974365;-2.04973;5.999999;2.251;2.04;5.999999;2.251;-2.04973;5.999999;-2.24722;2.04;5.999999;-2.24722;-2.04973;5.999999;-0.97;2.04;5.999999;-0.97",
        "vertexNormalCount": 1,
        "vertexNormals": "0.0;-1.0;0.0",
        "triangleCount": 4,
        "indices": "2;0;1;2;1;3;6;4;5;6;5;7",
        "vertexNormalIndices": "0;0;0;0;0;0;0;0;0;0;0;0"
    },
    "material": {
        "shaderId": 0,
        "color": {
            "red": 3.0,
            "green": 3.0,
            "blue": 3.0
        },
        "emissionColor": {
            "red": 9.0,
            "green": 9.0,
            "blue": 10.0
        },
        "roughness": 1.0,
        "metallic": 0.0,
        "emissionPower": 1.0
    }
}