{
	"modelData": {
		"vertexCount": 24,
		"vertices": "-30.451500;0.036265;-30.451500;-30.451500;-0.009273;-30.451500;-30.451500;-0.009273;30.451500;30.451500;0.036265;-30.451500;30.451500;-0.009273;-30.451500;-30.451500;-0.009273;-30.451500;30.451500;0.036265;30.451500;30.451500;-0.009273;30.451500;30.451500;-0.009273;-30.451500;-30.451500;0.036265;30.451500;-30.451500;-0.009273;30.451500;30.451500;-0.009273;30.451500;-30.451500;-0.009273;-30.451500;30.451500;-0.009273;-30.451500;30.451500;-0.009273;30.451500;30.451500;0.036265;-30.451500;-30.451500;0.036265;-30.451500;-30.451500;0.036265;30.451500;-30.451500;0.036265;30.451500;-30.451500;0.036265;-30.451500;30.451500;0.036265;-30.451500;30.451500;0.036265;30.451500;-30.451500;-0.009273;30.451500;30.451500;0.036265;30.451500",
		"vertexNormalCount": 24,
		"vertexNormals": "-1.000000;0.000000;0.000000;-1.000000;0.000000;0.000000;-1.000000;0.000000;0.000000;0.000000;0.000000;-1.000000;0.000000;0.000000;-1.000000;0.000000;0.000000;-1.000000;1.000000;0.000000;0.000000;1.000000;0.000000;0.000000;1.000000;0.000000;0.000000;0.000000;0.000000;1.000000;0.000000;0.000000;1.000000;0.000000;0.000000;1.000000;0.000000;-1.000000;0.000000;0.000000;-1.000000;0.000000;0.000000;-1.000000;0.000000;0.000000;1.000000;0.000000;0.000000;1.000000;0.000000;0.000000;1.000000;0.000000;-1.000000;0.000000;0.000000;0.000000;0.000000;-1.000000;1.000000;0.000000;0.000000;0.000000;0.000000;1.000000;0.000000;-1.000000;0.000000;0.000000;1.000000;0.000000",
		"triangleCount": 12,
		"indices": "0;1;2;3;4;5;6;7;8;9;10;11;12;13;14;15;16;17;18;0;2;19;3;5;20;6;8;21;9;11;22;12;14;23;15;17",
		"vertexNormalIndices": "0;1;2;3;4;5;6;7;8;9;10;11;12;13;14;15;16;17;18;0;2;19;3;5;20;6;8;21;9;11;22;12;14;23;15;17"
	},
	"material": {
		"shaderId": 0,
		"color": {
			"red": 0.1,
			"green": 0.1,
			"blue": 0.1
		},
		"emissionColor": {
			"red": 0.0,
			"green": 0.0,
			"blue": 0.0
		},
		"roughness": 0.0,
		"metallic": 0.0,
		"emissionPower": 0.0
	}
}